encoder,video,n_frames,frame_acc,drift_mean,drift_p95,pred_transitions_per_100,true_transitions_per_100,jitter_ratio,pred_segments,mean_run_len,stability,consistency,conditional_score
dinov2_vits14,video49,1671,0.6929982046678635,0.13632157444953918,0.3231664299964905,25.62874251497006,0.3592814371257485,71.33333333333333,429,3.895104895104895,0.3425447344779968,0.9964093357271095,0.34131477133803995
dinov2_vits14,video50,1094,0.7614259597806216,0.1386001706123352,0.35149598121643066,20.2195791399817,0.45745654162854527,44.2,222,4.927927927927928,0.2561877369880676,0.9963436928702011,0.2552510359387511
dinov2_vits14,video51,2944,0.6871603260869565,0.11719003319740295,0.29600051045417786,26.265715256540943,0.2038735983690112,128.83333333333334,774,3.8036175710594313,0.33371978998184204,0.9952445652173914,0.33213280728491756
dinov2_vits14,video52,1966,0.7253306205493387,0.11055266857147217,0.24360904097557068,25.0381679389313,0.3053435114503817,82.0,493,3.9878296146044625,0.3358438014984131,0.9954221770091557,0.3343063680225811
dinov2_vits14,video53,3283,0.7246420956442279,0.13687124848365784,0.3093852400779724,25.411334552102378,0.18281535648994515,139.0,835,3.931736526946108,0.3252965211868286,0.9972586049345111,0.32440475490882636
dinov2_vits14,video54,3100,0.7361290322580645,0.10675805062055588,0.27357569336891174,26.395611487576637,0.1936108422071636,136.33333333333334,819,3.785103785103785,0.36354780197143555,0.9964516129032258,0.3622577936418595
dinov2_vits14,video55,1037,0.7926711668273867,0.1351824700832367,0.34476184844970703,20.077220077220076,0.5791505791505791,34.666666666666664,209,4.961722488038277,0.30971598625183105,0.9893924783027965,0.30643066720769396
dinov2_vits14,video56,1834,0.5468920392584514,0.1700059175491333,0.5045795440673828,36.87943262411348,0.32733224222585927,112.66666666666666,677,2.709010339734121,0.33067750930786133,0.9912758996728462,0.32779264554072624
dinov2_vits14,video57,2632,0.6550151975683891,0.11712253093719482,0.32068243622779846,30.368681109844164,0.22805017103762829,133.16666666666666,800,3.29,0.35577285289764404,0.996580547112462,0.35455630438849556
dinov2_vits14,video58,5993,0.46470882696479227,0.14095258712768555,0.33795231580734253,35.39719626168224,0.10013351134846461,353.5,2122,2.8242224316682374,0.26107507944107056,0.9986651092941765,0.2607265727440025
dinov2_vits14,video59,1046,0.7925430210325047,0.11135232448577881,0.26834967732429504,20.95693779904306,0.5741626794258373,36.5,220,4.754545454545455,0.34488630294799805,0.9894837476099426,0.3412593915403231
dinov2_vits14,video60,2532,0.5114533965244866,0.14314019680023193,0.366228312253952,44.84393520347689,0.2370604504148558,189.16666666666666,1136,2.2288732394366195,0.2900775074958801,0.9980252764612955,0.28950468461377926
dinov2_vits14,video61,4409,0.6511680653209344,0.13387371599674225,0.4158876836299896,32.44101633393829,0.13611615245009073,238.33333333333334,1431,3.0810621942697414,0.3987688422203064,0.9968246767974598,0.39750262226315414
dinov2_vits14,video62,2032,0.7386811023622047,0.10650850087404251,0.22754308581352234,22.451994091580502,0.29542097488921715,76.0,457,4.446389496717725,0.2785041332244873,0.9960629921259843,0.27740766025903657
dinov2_vits14,video63,3433,0.5117972618700845,0.13065946102142334,0.3094901442527771,38.51981351981352,0.17482517482517482,220.33333333333334,1323,2.5948601662887376,0.31289732456207275,0.9982522575007282,0.3123504606100272
dinov2_vits14,video64,2398,0.7297748123436196,0.11527878046035767,0.3094414472579956,25.657071339173967,0.2503128911138924,102.5,616,3.892857142857143,0.4115983843803406,0.9979149291075896,0.41074017256970596
dinov2_vits14,video65,1873,0.7245061398825414,0.12243559956550598,0.3447951376438141,22.863247863247864,0.2670940170940171,85.60000000000001,429,4.365967365967366,0.34255194664001465,0.997330485851575,0.3416374993718886
dinov2_vits14,video66,1824,0.8256578947368421,0.13546237349510193,0.3017072081565857,18.924849149753154,0.32912781130005486,57.5,346,5.271676300578035,0.2538798451423645,0.993421052631579,0.25220958300327
dinov2_vits14,video67,2353,0.7331066723331917,0.11499345302581787,0.28596118092536926,26.44557823129252,0.25510204081632654,103.66666666666667,623,3.7768860353130016,0.36171168088912964,0.9953251168720783,0.36002072105496885
dinov2_vits14,video68,1972,0.7398580121703854,0.12050900608301163,0.3292822241783142,22.22222222222222,0.30441400304414,73.0,439,4.492027334851937,0.4024772644042969,0.994421906693712,0.40023220866979015
dinov2_vits14,video69,4575,0.825136612021858,0.09589865803718567,0.20957626402378082,16.39702667249672,0.10931351114997814,150.0,751,6.091877496671105,0.40829020738601685,0.9978142076502732,0.40739776977424413
dinov2_vits14,video70,1194,0.5720268006700168,0.11941482126712799,0.26351338624954224,28.583403185247274,0.5029337803855826,56.83333333333333,342,3.491228070175439,0.3515208959579468,0.990787269681742,0.3482824287422538
dinov2_vits14,video71,2515,0.731610337972167,0.13147802650928497,0.3109356462955475,17.183770883054894,0.19888623707239458,86.4,433,5.808314087759816,0.34989768266677856,0.9964214711729622,0.3486455637228418
dinov2_vits14,video72,3106,0.6165486155827431,0.12094765901565552,0.273471862077713,30.82125603864734,0.1932367149758454,159.5,958,3.242171189979123,0.34031903743743896,0.9948486799742434,0.33856594516474126
dinov2_vits14,video73,1356,0.7625368731563422,0.14269810914993286,0.35739561915397644,24.870848708487085,0.44280442804428044,56.166666666666664,338,4.011834319526627,0.2925393581390381,0.9970501474926253,0.29167641017992585
dinov2_vits14,video74,1634,0.4583843329253366,0.1037752777338028,0.2284763604402542,31.598285364360073,0.3674219228413962,86.0,517,3.160541586073501,0.34703540802001953,0.9951040391676866,0.34533633625492766
dinov2_vits14,video75,1923,0.7243889755590224,0.11319462209939957,0.27932271361351013,23.985431841831424,0.2601456815816857,92.2,462,4.162337662337662,0.43223071098327637,0.9973998959958398,0.43110686618092775
dinov2_vits14,video76,2649,0.7130992827482069,0.13566474616527557,0.30346977710723877,24.546827794561935,0.22658610271903323,108.33333333333334,651,4.0691244239631335,0.3110647201538086,0.9969799924499811,0.3101253023503996
dinov2_vits14,video77,2502,0.7885691446842525,0.11947444081306458,0.319141149520874,19.392243102758897,0.23990403838464613,80.83333333333334,486,5.148148148148148,0.3500543236732483,0.995603517186251,0.3485153158553403
dinov2_vits14,video78,739,0.6129905277401895,0.1391398310661316,0.4250679612159729,31.165311653116532,0.8130081300813008,38.333333333333336,231,3.1991341991341993,0.36207813024520874,0.993234100135318,0.35962834587277837
dinov2_vits14,video79,3414,0.69302870533099,0.11487880349159241,0.2576209306716919,26.72135950776443,0.17579841781423966,152.0,913,3.7393209200438116,0.30478107929229736,0.9976567076742824,0.3040668881281678
dinov2_vits14,video80,1724,0.7981438515081206,0.10002017021179199,0.25793567299842834,18.04991294254208,0.3482298316889147,51.833333333333336,312,5.5256410256410255,0.33370596170425415,0.9930394431554525,0.3313831823884473
clip_vitb16,video49,1671,0.720526630760024,0.046370599418878555,0.12851864099502563,31.197604790419163,0.3592814371257485,86.83333333333334,522,3.2011494252873565,0.19234120845794678,0.9922202274087373,0.1908448375962153
clip_vitb16,video50,1094,0.7586837294332724,0.039262015372514725,0.08823146671056747,24.794144556267156,0.45745654162854527,54.2,272,4.022058823529412,0.09655839204788208,0.9972577696526508,0.09629360669491713
clip_vitb16,video51,2944,0.6990489130434783,0.03416377678513527,0.09641619026660919,28.440366972477065,0.2038735983690112,139.5,838,3.513126491646778,0.21181732416152954,0.9945652173913043,0.210666143051956
clip_vitb16,video52,1966,0.7004069175991862,0.034648336470127106,0.09061815589666367,30.025445292620866,0.3053435114503817,98.33333333333333,591,3.326565143824027,0.22895342111587524,0.9954221770091557,0.22790531288085852
clip_vitb16,video53,3283,0.6947913493755711,0.037262238562107086,0.09384476393461227,26.751980499695307,0.18281535648994515,146.33333333333334,879,3.7349260523321957,0.22973567247390747,0.9969540054827901,0.22903589887514442
clip_vitb16,video54,3100,0.7064516129032258,0.03634503111243248,0.0978875383734703,31.300419490158117,0.1936108422071636,161.66666666666669,971,3.192584963954686,0.22573602199554443,0.9951612903225806,0.22464375092137243
clip_vitb16,video55,1037,0.7405978784956606,0.04291272908449173,0.11769737303256989,24.034749034749034,0.5791505791505791,41.5,250,4.148,0.10040992498397827,0.991321118611379,0.09953847915480199
clip_vitb16,video56,1834,0.4623773173391494,0.0635521188378334,0.2689805030822754,35.679214402618655,0.32733224222585927,108.99999999999999,655,2.8,0.16250485181808472,0.995092693565976,0.1617073907131977
clip_vitb16,video57,2632,0.6800911854103343,0.042603541165590286,0.11582034826278687,31.12884834663626,0.22805017103762829,136.5,820,3.209756097560976,0.19915825128555298,0.9950607902735562,0.19817456691370183
clip_vitb16,video58,5993,0.5167695644919073,0.045224789530038834,0.11759795248508453,39.068758344459276,0.10013351134846461,390.1666666666667,2342,2.558923996584116,0.07870423793792725,0.9986651092941765,0.07859917638219499
clip_vitb16,video59,1046,0.7466539196940727,0.036566805094480515,0.08705679327249527,22.20095693779904,0.5741626794258373,38.666666666666664,233,4.489270386266094,0.18888771533966064,0.9866156787762906,0.18635958148234205
clip_vitb16,video60,2532,0.5106635071090048,0.0531482957303524,0.169841468334198,41.841169498222044,0.2370604504148558,176.49999999999997,1060,2.388679245283019,0.21291440725326538,0.995260663507109,0.21190533423310773
clip_vitb16,video61,4409,0.5604445452483556,0.04749072343111038,0.15932828187942505,32.577132486388386,0.13611615245009073,239.33333333333337,1437,3.068197633959638,0.2496333122253418,0.9970514855976412,0.24889726480893684
clip_vitb16,video62,2032,0.7219488188976378,0.03024069219827652,0.0646008849143982,22.94436238306253,0.29542097488921715,77.66666666666666,467,4.3511777301927195,0.07288461923599243,0.9940944881889764,0.07245419825625232
clip_vitb16,video63,3433,0.47276434605301487,0.04152725636959076,0.10585832595825195,40.442890442890445,0.17482517482517482,231.33333333333334,1389,2.4715622750179986,0.16947507858276367,0.9979609670841829,0.16912951331912274
clip_vitb16,video64,2398,0.5275229357798165,0.04257321357727051,0.10835278034210205,33.541927409261575,0.2503128911138924,134.0,805,2.9788819875776396,0.22187447547912598,0.9966638865721434,0.22113427706218144
clip_vitb16,video65,1873,0.7394554191137213,0.060157131403684616,0.1767275035381317,27.564102564102566,0.2670940170940171,103.2,517,3.622823984526112,0.26851314306259155,0.997330485851575,0.2677963434281479
clip_vitb16,video66,1824,0.8053728070175439,0.036109574139118195,0.07668839395046234,21.119034558420186,0.32912781130005486,64.16666666666666,386,4.725388601036269,0.09771311283111572,0.9961622807017544,0.0973381173323121
clip_vitb16,video67,2353,0.6969825754356141,0.04236786440014839,0.11489993333816528,30.739795918367346,0.25510204081632654,120.49999999999999,724,3.25,0.2773468494415283,0.9970250743731407,0.27652176319159605
clip_vitb16,video68,1972,0.7677484787018256,0.0389566496014595,0.11069384217262268,28.310502283105023,0.30441400304414,93.00000000000001,559,3.5277280858676208,0.26522499322891235,0.9898580121703854,0.2625350845754751
clip_vitb16,video69,4575,0.7418579234972678,0.03107214905321598,0.06560580432415009,20.966331438565806,0.10931351114997814,191.79999999999998,960,4.765625,0.2576228976249695,0.9971584699453552,0.25689085441860343
clip_vitb16,video70,1194,0.6365159128978225,0.037723831832408905,0.09532873332500458,36.88181056160939,0.5029337803855826,73.33333333333334,441,2.707482993197279,0.2828977704048157,0.990787269681742,0.2802915095384396
clip_vitb16,video71,2515,0.6958250497017893,0.0453125536441803,0.10482636094093323,23.985680190930786,0.19888623707239458,120.6,604,4.163907284768212,0.19364959001541138,0.9968190854870775,0.19303360722410987
clip_vitb16,video72,3106,0.6390856406954282,0.04540961608290672,0.1059240847826004,31.36876006441224,0.1932367149758454,162.33333333333334,975,3.1856410256410257,0.2191481590270996,0.995492594977463,0.21816036951442114
clip_vitb16,video73,1356,0.7182890855457227,0.05174018442630768,0.130806103348732,27.74907749077491,0.44280442804428044,62.66666666666667,377,3.5968169761273208,0.18333476781845093,0.9970501474926253,0.1827939572939127
clip_vitb16,video74,1634,0.5128518971848225,0.03515935689210892,0.08084976673126221,34.109001837109616,0.3674219228413962,92.83333333333334,558,2.92831541218638,0.21534311771392822,0.9975520195838433,0.2148159619790104
clip_vitb16,video75,1923,0.6006240249609984,0.03971379995346069,0.10741131007671356,28.616024973985432,0.2601456815816857,110.00000000000001,551,3.490018148820327,0.2988274097442627,0.9942797711908476,0.2971180485860792
clip_vitb16,video76,2649,0.6961117402793507,0.04194211959838867,0.09405533969402313,27.56797583081571,0.22658610271903323,121.66666666666666,731,3.6238030095759233,0.13873589038848877,0.995847489618724,0.138159788163395
clip_vitb16,video77,2502,0.7777777777777778,0.043051578104496,0.11308765411376953,21.55137944822071,0.23990403838464613,89.83333333333333,540,4.633333333333334,0.22734659910202026,0.9952038369304557,0.22625620773942065
clip_vitb16,video78,739,0.625169147496617,0.049751777201890945,0.16094672679901123,31.30081300813008,0.8130081300813008,38.5,232,3.185344827586207,0.2503497004508972,0.9959404600811907,0.24933339584825487
clip_vitb16,video79,3414,0.6312243702401875,0.03705010935664177,0.07717370986938477,34.251391737474364,0.17579841781423966,194.83333333333334,1170,2.917948717948718,0.20732975006103516,0.9973637961335676,0.2067831865722978
clip_vitb16,video80,1724,0.6548723897911833,0.04515727609395981,0.09972231090068817,27.161926871735346,0.3482298316889147,78.0,469,3.6759061833688698,0.16802406311035156,0.994199535962877,0.1670494455749087
